# title: German onshore wind generation, hourly actuals
# provenance: opsd:time_series/2020-10-06/time_series_60min_singleindex.csv (byte-capped stream)
# carrier: wind | units: MW
# spatial_coverage: DE | temporal_resolution: PT1H
# licence: CC-BY-4.0
timestamp,wind_onshore_mw
2015-01-01T00:00:00Z,69.0
2015-01-01T01:00:00Z,64.0
2015-01-01T02:00:00Z,65.0
2015-01-01T03:00:00Z,64.0
2015-01-01T04:00:00Z,64.0
2015-01-01T05:00:00Z,84.0
2015-01-01T06:00:00Z,131.0
2015-01-01T07:00:00Z,109.0
2015-01-01T08:00:00Z,146.0
2015-01-01T09:00:00Z,146.0
2015-01-01T10:00:00Z,158.0
2015-01-01T11:00:00Z,187.0
2015-01-01T12:00:00Z,244.0
2015-01-01T13:00:00Z,299.0
2015-01-01T14:00:00Z,327.0
2015-01-01T15:00:00Z,346.0
2015-01-01T16:00:00Z,310.0
2015-01-01T17:00:00Z,205.0
2015-01-01T18:00:00Z,222.0
2015-01-01T19:00:00Z,251.0
2015-01-01T20:00:00Z,138.0
2015-01-01T21:00:00Z,92.0
2015-01-01T22:00:00Z,103.0
2015-01-01T23:00:00Z,106.0
2015-01-02T00:00:00Z,79.0
2015-01-02T01:00:00Z,126.0
2015-01-02T02:00:00Z,195.0
2015-01-02T03:00:00Z,225.0
2015-01-02T04:00:00Z,237.0
2015-01-02T05:00:00Z,211.0
2015-01-02T06:00:00Z,242.0
2015-01-02T07:00:00Z,302.0
2015-01-02T08:00:00Z,369.0
2015-01-02T09:00:00Z,413.0
2015-01-02T10:00:00Z,407.0
2015-01-02T11:00:00Z,424.0
2015-01-02T12:00:00Z,478.0
2015-01-02T13:00:00Z,520.0
2015-01-02T14:00:00Z,578.0
2015-01-02T15:00:00Z,553.0
2015-01-02T16:00:00Z,1048.0
2015-01-02T17:00:00Z,1498.0
2015-01-02T18:00:00Z,1615.0
2015-01-02T19:00:00Z,1702.0
2015-01-02T20:00:00Z,1637.0
2015-01-02T21:00:00Z,1512.0
2015-01-02T22:00:00Z,1407.0
2015-01-02T23:00:00Z,1373.0
2015-01-03T00:00:00Z,1350.0
2015-01-03T01:00:00Z,1304.0
2015-01-03T02:00:00Z,1241.0
2015-01-03T03:00:00Z,1146.0
2015-01-03T04:00:00Z,1423.0
2015-01-03T05:00:00Z,1366.0
2015-01-03T06:00:00Z,1323.0
2015-01-03T07:00:00Z,1296.0
2015-01-03T08:00:00Z,1059.0
2015-01-03T09:00:00Z,903.0
2015-01-03T10:00:00Z,718.0
2015-01-03T11:00:00Z,503.0
2015-01-03T12:00:00Z,293.0
2015-01-03T13:00:00Z,279.0
2015-01-03T14:00:00Z,356.0
2015-01-03T15:00:00Z,346.0
2015-01-03T16:00:00Z,301.0
2015-01-03T17:00:00Z,114.0
2015-01-03T18:00:00Z,83.0
2015-01-03T19:00:00Z,69.0
2015-01-03T20:00:00Z,67.0
2015-01-03T21:00:00Z,54.0
2015-01-03T22:00:00Z,61.0
2015-01-03T23:00:00Z,57.0
2015-01-04T00:00:00Z,143.0
2015-01-04T01:00:00Z,569.0
2015-01-04T02:00:00Z,1081.0
2015-01-04T03:00:00Z,1424.0
2015-01-04T04:00:00Z,1639.0
2015-01-04T05:00:00Z,1672.0
2015-01-04T06:00:00Z,1667.0
2015-01-04T07:00:00Z,1732.0
2015-01-04T08:00:00Z,1849.0
2015-01-04T09:00:00Z,1921.0
2015-01-04T10:00:00Z,1945.0
2015-01-04T11:00:00Z,1914.0
2015-01-04T12:00:00Z,1910.0
2015-01-04T13:00:00Z,1886.0
2015-01-04T14:00:00Z,1839.0
2015-01-04T15:00:00Z,1825.0
2015-01-04T16:00:00Z,1813.0
2015-01-04T17:00:00Z,1802.0
2015-01-04T18:00:00Z,1777.0
2015-01-04T19:00:00Z,1674.0
2015-01-04T20:00:00Z,1561.0
2015-01-04T21:00:00Z,1406.0
2015-01-04T22:00:00Z,1421.0
2015-01-04T23:00:00Z,1473.0
2015-01-05T00:00:00Z,1566.0
2015-01-05T01:00:00Z,1575.0
2015-01-05T02:00:00Z,1549.0
2015-01-05T03:00:00Z,1460.0
2015-01-05T04:00:00Z,1370.0
2015-01-05T05:00:00Z,1301.0
2015-01-05T06:00:00Z,1235.0
2015-01-05T07:00:00Z,1148.0
2015-01-05T08:00:00Z,1363.0
2015-01-05T09:00:00Z,1421.0
2015-01-05T10:00:00Z,1651.0
2015-01-05T11:00:00Z,1580.0
2015-01-05T12:00:00Z,1599.0
2015-01-05T13:00:00Z,1846.0
2015-01-05T14:00:00Z,1832.0
2015-01-05T15:00:00Z,1788.0
2015-01-05T16:00:00Z,1813.0
2015-01-05T17:00:00Z,1785.0
2015-01-05T18:00:00Z,1705.0
2015-01-05T19:00:00Z,1499.0
2015-01-05T20:00:00Z,1338.0
2015-01-05T21:00:00Z,1263.0
2015-01-05T22:00:00Z,1164.0
2015-01-05T23:00:00Z,1112.0
2015-01-06T00:00:00Z,960.0
2015-01-06T01:00:00Z,866.0
2015-01-06T02:00:00Z,791.0
2015-01-06T03:00:00Z,741.0
2015-01-06T04:00:00Z,716.0
2015-01-06T05:00:00Z,589.0
2015-01-06T06:00:00Z,642.0
2015-01-06T07:00:00Z,614.0
2015-01-06T08:00:00Z,441.0
2015-01-06T09:00:00Z,321.0
2015-01-06T10:00:00Z,398.0
2015-01-06T11:00:00Z,485.0
2015-01-06T12:00:00Z,551.0
2015-01-06T13:00:00Z,527.0
2015-01-06T14:00:00Z,470.0
2015-01-06T15:00:00Z,422.0
2015-01-06T16:00:00Z,319.0
2015-01-06T17:00:00Z,383.0
2015-01-06T18:00:00Z,268.0
2015-01-06T19:00:00Z,152.0
2015-01-06T20:00:00Z,93.0
2015-01-06T21:00:00Z,60.0
2015-01-06T22:00:00Z,94.0
2015-01-06T23:00:00Z,178.0
2015-01-07T00:00:00Z,189.0
2015-01-07T01:00:00Z,271.0
2015-01-07T02:00:00Z,304.0
2015-01-07T03:00:00Z,459.0
2015-01-07T04:00:00Z,532.0
2015-01-07T05:00:00Z,627.0
2015-01-07T06:00:00Z,762.0
2015-01-07T07:00:00Z,755.0
2015-01-07T08:00:00Z,767.0
2015-01-07T09:00:00Z,782.0
2015-01-07T10:00:00Z,760.0
2015-01-07T11:00:00Z,594.0
2015-01-07T12:00:00Z,443.0
2015-01-07T13:00:00Z,370.0
2015-01-07T14:00:00Z,329.0
2015-01-07T15:00:00Z,293.0
2015-01-07T16:00:00Z,283.0
2015-01-07T17:00:00Z,210.0
2015-01-07T18:00:00Z,184.0
2015-01-07T19:00:00Z,148.0
2015-01-07T20:00:00Z,137.0
2015-01-07T21:00:00Z,113.0
2015-01-07T22:00:00Z,121.0
2015-01-07T23:00:00Z,140.0
2015-01-08T00:00:00Z,166.0
2015-01-08T01:00:00Z,175.0
2015-01-08T02:00:00Z,191.0
2015-01-08T03:00:00Z,173.0
2015-01-08T04:00:00Z,186.0
2015-01-08T05:00:00Z,188.0
2015-01-08T06:00:00Z,152.0
2015-01-08T07:00:00Z,147.0
2015-01-08T08:00:00Z,199.0
2015-01-08T09:00:00Z,268.0
2015-01-08T10:00:00Z,334.0
2015-01-08T11:00:00Z,373.0
2015-01-08T12:00:00Z,388.0
2015-01-08T13:00:00Z,421.0
2015-01-08T14:00:00Z,494.0
2015-01-08T15:00:00Z,545.0
2015-01-08T16:00:00Z,582.0
2015-01-08T17:00:00Z,582.0
2015-01-08T18:00:00Z,561.0
2015-01-08T19:00:00Z,623.0
2015-01-08T20:00:00Z,570.0
2015-01-08T21:00:00Z,623.0
2015-01-08T22:00:00Z,618.0
2015-01-08T23:00:00Z,526.0
2015-01-09T00:00:00Z,510.0
2015-01-09T01:00:00Z,565.0
2015-01-09T02:00:00Z,1128.0
2015-01-09T03:00:00Z,1548.0
2015-01-09T04:00:00Z,1151.0
2015-01-09T05:00:00Z,719.0
2015-01-09T06:00:00Z,608.0
2015-01-09T07:00:00Z,946.0
2015-01-09T08:00:00Z,1015.0
2015-01-09T09:00:00Z,631.0
2015-01-09T10:00:00Z,659.0
2015-01-09T11:00:00Z,661.0
2015-01-09T12:00:00Z,822.0
2015-01-09T13:00:00Z,998.0
2015-01-09T14:00:00Z,1395.0
2015-01-09T15:00:00Z,1422.0
2015-01-09T16:00:00Z,1569.0
2015-01-09T17:00:00Z,1697.0
2015-01-09T18:00:00Z,1788.0
2015-01-09T19:00:00Z,1955.0
2015-01-09T20:00:00Z,1965.0
2015-01-09T21:00:00Z,1949.0
2015-01-09T22:00:00Z,1866.0
2015-01-09T23:00:00Z,1675.0
2015-01-10T00:00:00Z,1337.0
2015-01-10T01:00:00Z,1003.0
2015-01-10T02:00:00Z,834.0
2015-01-10T03:00:00Z,595.0
2015-01-10T04:00:00Z,609.0
2015-01-10T05:00:00Z,821.0
2015-01-10T06:00:00Z,1408.0
2015-01-10T07:00:00Z,1712.0
2015-01-10T08:00:00Z,1894.0
2015-01-10T09:00:00Z,1950.0
2015-01-10T10:00:00Z,1873.0
2015-01-10T11:00:00Z,1708.0
2015-01-10T12:00:00Z,1809.0
2015-01-10T13:00:00Z,1859.0
2015-01-10T14:00:00Z,1707.0
2015-01-10T15:00:00Z,1693.0
2015-01-10T16:00:00Z,1775.0
2015-01-10T17:00:00Z,1703.0
2015-01-10T18:00:00Z,1785.0
2015-01-10T19:00:00Z,1803.0
2015-01-10T20:00:00Z,1681.0
2015-01-10T21:00:00Z,1812.0
2015-01-10T22:00:00Z,1873.0
2015-01-10T23:00:00Z,1858.0
2015-01-11T00:00:00Z,1787.0
2015-01-11T01:00:00Z,1306.0
2015-01-11T02:00:00Z,903.0
2015-01-11T03:00:00Z,771.0
2015-01-11T04:00:00Z,575.0
2015-01-11T05:00:00Z,849.0
2015-01-11T06:00:00Z,1241.0
2015-01-11T07:00:00Z,1219.0
2015-01-11T08:00:00Z,1534.0
2015-01-11T09:00:00Z,1553.0
2015-01-11T10:00:00Z,1498.0
2015-01-11T11:00:00Z,1803.0
2015-01-11T12:00:00Z,1860.0
2015-01-11T13:00:00Z,1808.0
2015-01-11T14:00:00Z,1798.0
2015-01-11T15:00:00Z,1770.0
2015-01-11T16:00:00Z,1648.0
2015-01-11T17:00:00Z,1552.0
2015-01-11T18:00:00Z,1384.0
2015-01-11T19:00:00Z,1572.0
2015-01-11T20:00:00Z,1688.0
2015-01-11T21:00:00Z,1516.0
2015-01-11T22:00:00Z,1691.0
2015-01-11T23:00:00Z,1555.0
2015-01-12T00:00:00Z,1585.0
2015-01-12T01:00:00Z,1711.0
2015-01-12T02:00:00Z,1746.0
2015-01-12T03:00:00Z,1849.0
2015-01-12T04:00:00Z,1846.0
2015-01-12T05:00:00Z,1790.0
2015-01-12T06:00:00Z,1729.0
2015-01-12T07:00:00Z,1823.0
2015-01-12T08:00:00Z,1794.0
2015-01-12T09:00:00Z,1835.0
2015-01-12T10:00:00Z,1770.0
2015-01-12T11:00:00Z,1690.0
2015-01-12T12:00:00Z,1279.0
2015-01-12T13:00:00Z,787.0
2015-01-12T14:00:00Z,501.0
2015-01-12T15:00:00Z,540.0
2015-01-12T16:00:00Z,419.0
2015-01-12T17:00:00Z,345.0
2015-01-12T18:00:00Z,305.0
2015-01-12T19:00:00Z,341.0
2015-01-12T20:00:00Z,327.0
2015-01-12T21:00:00Z,357.0
2015-01-12T22:00:00Z,350.0
2015-01-12T23:00:00Z,295.0
2015-01-13T00:00:00Z,353.0
2015-01-13T01:00:00Z,362.0
2015-01-13T02:00:00Z,333.0
2015-01-13T03:00:00Z,332.0
2015-01-13T04:00:00Z,343.0
2015-01-13T05:00:00Z,281.0
2015-01-13T06:00:00Z,245.0
2015-01-13T07:00:00Z,237.0
2015-01-13T08:00:00Z,204.0
2015-01-13T09:00:00Z,149.0
2015-01-13T10:00:00Z,112.0
2015-01-13T11:00:00Z,190.0
2015-01-13T12:00:00Z,218.0
2015-01-13T13:00:00Z,361.0
2015-01-13T14:00:00Z,547.0
2015-01-13T15:00:00Z,586.0
2015-01-13T16:00:00Z,596.0
2015-01-13T17:00:00Z,608.0
2015-01-13T18:00:00Z,437.0
2015-01-13T19:00:00Z,339.0
2015-01-13T20:00:00Z,296.0
2015-01-13T21:00:00Z,281.0
2015-01-13T22:00:00Z,310.0
2015-01-13T23:00:00Z,312.0
2015-01-14T00:00:00Z,416.0
2015-01-14T01:00:00Z,406.0
2015-01-14T02:00:00Z,364.0
2015-01-14T03:00:00Z,377.0
2015-01-14T04:00:00Z,444.0
2015-01-14T05:00:00Z,455.0
2015-01-14T06:00:00Z,378.0
2015-01-14T07:00:00Z,337.0
2015-01-14T08:00:00Z,272.0
2015-01-14T09:00:00Z,223.0
2015-01-14T10:00:00Z,198.0
2015-01-14T11:00:00Z,199.0
2015-01-14T12:00:00Z,140.0
2015-01-14T13:00:00Z,139.0
2015-01-14T14:00:00Z,151.0
2015-01-14T15:00:00Z,236.0
2015-01-14T16:00:00Z,660.0
2015-01-14T17:00:00Z,629.0
2015-01-14T18:00:00Z,442.0
2015-01-14T19:00:00Z,273.0
2015-01-14T20:00:00Z,277.0
2015-01-14T21:00:00Z,598.0
2015-01-14T22:00:00Z,1270.0
2015-01-14T23:00:00Z,1621.0
2015-01-15T00:00:00Z,1674.0
2015-01-15T01:00:00Z,1533.0
2015-01-15T02:00:00Z,1185.0
2015-01-15T03:00:00Z,703.0
2015-01-15T04:00:00Z,402.0
2015-01-15T05:00:00Z,142.0
2015-01-15T06:00:00Z,85.0
2015-01-15T07:00:00Z,44.0
2015-01-15T08:00:00Z,115.0
2015-01-15T09:00:00Z,242.0
2015-01-15T10:00:00Z,310.0
2015-01-15T11:00:00Z,476.0
2015-01-15T12:00:00Z,698.0
2015-01-15T13:00:00Z,869.0
2015-01-15T14:00:00Z,988.0
2015-01-15T15:00:00Z,986.0
2015-01-15T16:00:00Z,972.0
2015-01-15T17:00:00Z,1056.0
2015-01-15T18:00:00Z,1067.0
2015-01-15T19:00:00Z,982.0
2015-01-15T20:00:00Z,1109.0
2015-01-15T21:00:00Z,1085.0
2015-01-15T22:00:00Z,1085.0
2015-01-15T23:00:00Z,1084.0
2015-01-16T00:00:00Z,1111.0
2015-01-16T01:00:00Z,1096.0
2015-01-16T02:00:00Z,1083.0
2015-01-16T03:00:00Z,990.0
2015-01-16T04:00:00Z,906.0
2015-01-16T05:00:00Z,855.0
2015-01-16T06:00:00Z,621.0
2015-01-16T07:00:00Z,442.0
2015-01-16T08:00:00Z,307.0
2015-01-16T09:00:00Z,231.0
2015-01-16T10:00:00Z,117.0
2015-01-16T11:00:00Z,83.0
2015-01-16T12:00:00Z,74.0
2015-01-16T13:00:00Z,78.0
2015-01-16T14:00:00Z,82.0
2015-01-16T15:00:00Z,97.0
2015-01-16T16:00:00Z,261.0
2015-01-16T17:00:00Z,708.0
2015-01-16T18:00:00Z,882.0
2015-01-16T19:00:00Z,964.0
2015-01-16T20:00:00Z,1032.0
2015-01-16T21:00:00Z,1138.0
2015-01-16T22:00:00Z,1281.0
2015-01-16T23:00:00Z,1347.0
2015-01-17T00:00:00Z,1504.0
2015-01-17T01:00:00Z,1552.0
2015-01-17T02:00:00Z,1559.0
2015-01-17T03:00:00Z,1532.0
2015-01-17T04:00:00Z,1523.0
2015-01-17T05:00:00Z,1610.0
2015-01-17T06:00:00Z,1579.0
2015-01-17T07:00:00Z,1302.0
2015-01-17T08:00:00Z,940.0
2015-01-17T09:00:00Z,591.0
2015-01-17T10:00:00Z,246.0
2015-01-17T11:00:00Z,134.0
2015-01-17T12:00:00Z,127.0
2015-01-17T13:00:00Z,135.0
2015-01-17T14:00:00Z,169.0
2015-01-17T15:00:00Z,221.0
2015-01-17T16:00:00Z,314.0
2015-01-17T17:00:00Z,401.0
2015-01-17T18:00:00Z,447.0
2015-01-17T19:00:00Z,518.0
2015-01-17T20:00:00Z,507.0
2015-01-17T21:00:00Z,493.0
2015-01-17T22:00:00Z,416.0
2015-01-17T23:00:00Z,366.0
2015-01-18T00:00:00Z,404.0
2015-01-18T01:00:00Z,336.0
2015-01-18T02:00:00Z,351.0
2015-01-18T03:00:00Z,363.0
2015-01-18T04:00:00Z,298.0
2015-01-18T05:00:00Z,240.0
2015-01-18T06:00:00Z,219.0
2015-01-18T07:00:00Z,170.0
2015-01-18T08:00:00Z,130.0
2015-01-18T09:00:00Z,86.0
2015-01-18T10:00:00Z,75.0
2015-01-18T11:00:00Z,32.0
2015-01-18T12:00:00Z,28.0
2015-01-18T13:00:00Z,24.0
2015-01-18T14:00:00Z,40.0
2015-01-18T15:00:00Z,86.0
2015-01-18T16:00:00Z,88.0
2015-01-18T17:00:00Z,97.0
2015-01-18T18:00:00Z,68.0
2015-01-18T19:00:00Z,34.0
2015-01-18T20:00:00Z,19.0
2015-01-18T21:00:00Z,17.0
2015-01-18T22:00:00Z,16.0
2015-01-18T23:00:00Z,15.0
2015-01-19T00:00:00Z,15.0
2015-01-19T01:00:00Z,14.0
2015-01-19T02:00:00Z,12.0
2015-01-19T03:00:00Z,15.0
2015-01-19T04:00:00Z,19.0
2015-01-19T05:00:00Z,17.0
2015-01-19T06:00:00Z,23.0
2015-01-19T07:00:00Z,14.0
2015-01-19T08:00:00Z,4.0
2015-01-19T09:00:00Z,3.0
2015-01-19T10:00:00Z,2.0
2015-01-19T11:00:00Z,1.0
2015-01-19T12:00:00Z,2.0
2015-01-19T13:00:00Z,2.0
2015-01-19T14:00:00Z,1.0
2015-01-19T15:00:00Z,2.0
2015-01-19T16:00:00Z,7.0
2015-01-19T17:00:00Z,8.0
2015-01-19T18:00:00Z,8.0
2015-01-19T19:00:00Z,18.0
2015-01-19T20:00:00Z,22.0
2015-01-19T21:00:00Z,25.0
2015-01-19T22:00:00Z,37.0
2015-01-19T23:00:00Z,59.0
2015-01-20T00:00:00Z,91.0
2015-01-20T01:00:00Z,129.0
2015-01-20T02:00:00Z,182.0
2015-01-20T03:00:00Z,204.0
2015-01-20T04:00:00Z,222.0
2015-01-20T05:00:00Z,237.0
2015-01-20T06:00:00Z,236.0
2015-01-20T07:00:00Z,310.0
2015-01-20T08:00:00Z,381.0
2015-01-20T09:00:00Z,437.0
2015-01-20T10:00:00Z,528.0
2015-01-20T11:00:00Z,528.0
2015-01-20T12:00:00Z,554.0
2015-01-20T13:00:00Z,494.0
2015-01-20T14:00:00Z,302.0
2015-01-20T15:00:00Z,260.0
2015-01-20T16:00:00Z,256.0
2015-01-20T17:00:00Z,206.0
2015-01-20T18:00:00Z,160.0
2015-01-20T19:00:00Z,80.0
2015-01-20T20:00:00Z,46.0
2015-01-20T21:00:00Z,52.0
2015-01-20T22:00:00Z,56.0
2015-01-20T23:00:00Z,69.0
2015-01-21T00:00:00Z,106.0
2015-01-21T01:00:00Z,105.0
2015-01-21T02:00:00Z,95.0
2015-01-21T03:00:00Z,86.0
2015-01-21T04:00:00Z,101.0
2015-01-21T05:00:00Z,87.0
2015-01-21T06:00:00Z,91.0
2015-01-21T07:00:00Z,70.0
2015-01-21T08:00:00Z,32.0
2015-01-21T09:00:00Z,11.0
2015-01-21T10:00:00Z,17.0
2015-01-21T11:00:00Z,24.0
2015-01-21T12:00:00Z,27.0
2015-01-21T13:00:00Z,64.0
2015-01-21T14:00:00Z,113.0
2015-01-21T15:00:00Z,118.0
2015-01-21T16:00:00Z,180.0
2015-01-21T17:00:00Z,263.0
2015-01-21T18:00:00Z,341.0
2015-01-21T19:00:00Z,325.0
2015-01-21T20:00:00Z,343.0
2015-01-21T21:00:00Z,372.0
2015-01-21T22:00:00Z,438.0
2015-01-21T23:00:00Z,475.0
2015-01-22T00:00:00Z,470.0
2015-01-22T01:00:00Z,496.0
2015-01-22T02:00:00Z,484.0
2015-01-22T03:00:00Z,481.0
2015-01-22T04:00:00Z,458.0
2015-01-22T05:00:00Z,424.0
2015-01-22T06:00:00Z,381.0
2015-01-22T07:00:00Z,389.0
2015-01-22T08:00:00Z,435.0
2015-01-22T09:00:00Z,434.0
2015-01-22T10:00:00Z,421.0
2015-01-22T11:00:00Z,399.0
2015-01-22T12:00:00Z,448.0
2015-01-22T13:00:00Z,424.0
2015-01-22T14:00:00Z,428.0
2015-01-22T15:00:00Z,440.0
2015-01-22T16:00:00Z,374.0
2015-01-22T17:00:00Z,263.0
2015-01-22T18:00:00Z,216.0
2015-01-22T19:00:00Z,196.0
2015-01-22T20:00:00Z,161.0
2015-01-22T21:00:00Z,70.0
2015-01-22T22:00:00Z,24.0
2015-01-22T23:00:00Z,11.0
2015-01-23T00:00:00Z,9.0
2015-01-23T01:00:00Z,13.0
2015-01-23T02:00:00Z,25.0
2015-01-23T03:00:00Z,97.0
2015-01-23T04:00:00Z,238.0
2015-01-23T05:00:00Z,368.0
2015-01-23T06:00:00Z,541.0
2015-01-23T07:00:00Z,726.0
2015-01-23T08:00:00Z,937.0
2015-01-23T09:00:00Z,1017.0
2015-01-23T10:00:00Z,1179.0
2015-01-23T11:00:00Z,1254.0
2015-01-23T12:00:00Z,1379.0
2015-01-23T13:00:00Z,1510.0
2015-01-23T14:00:00Z,1620.0
2015-01-23T15:00:00Z,1629.0
2015-01-23T16:00:00Z,1615.0
2015-01-23T17:00:00Z,1636.0
2015-01-23T18:00:00Z,1636.0
2015-01-23T19:00:00Z,1677.0
2015-01-23T20:00:00Z,1728.0
2015-01-23T21:00:00Z,1711.0
2015-01-23T22:00:00Z,1725.0
2015-01-23T23:00:00Z,1729.0
2015-01-24T00:00:00Z,1693.0
2015-01-24T01:00:00Z,1671.0
2015-01-24T02:00:00Z,1632.0
2015-01-24T03:00:00Z,1644.0
2015-01-24T04:00:00Z,1674.0
2015-01-24T05:00:00Z,1634.0
2015-01-24T06:00:00Z,1715.0
2015-01-24T07:00:00Z,1734.0
2015-01-24T08:00:00Z,1755.0
2015-01-24T09:00:00Z,1732.0
2015-01-24T10:00:00Z,1718.0
2015-01-24T11:00:00Z,1671.0
2015-01-24T12:00:00Z,1612.0
2015-01-24T13:00:00Z,1535.0
2015-01-24T14:00:00Z,1502.0
2015-01-24T15:00:00Z,1563.0
2015-01-24T16:00:00Z,1620.0
2015-01-24T17:00:00Z,1613.0
2015-01-24T18:00:00Z,1637.0
2015-01-24T19:00:00Z,1661.0
2015-01-24T20:00:00Z,1699.0
2015-01-24T21:00:00Z,1715.0
2015-01-24T22:00:00Z,1690.0
2015-01-24T23:00:00Z,1675.0
2015-01-25T00:00:00Z,1697.0
2015-01-25T01:00:00Z,1664.0
2015-01-25T02:00:00Z,1606.0
2015-01-25T03:00:00Z,1605.0
2015-01-25T04:00:00Z,1589.0
2015-01-25T05:00:00Z,1593.0
2015-01-25T06:00:00Z,1583.0
2015-01-25T07:00:00Z,1592.0
2015-01-25T08:00:00Z,1606.0
2015-01-25T09:00:00Z,1624.0
2015-01-25T10:00:00Z,1643.0
2015-01-25T11:00:00Z,1582.0
2015-01-25T12:00:00Z,1571.0
2015-01-25T13:00:00Z,1521.0
2015-01-25T14:00:00Z,1521.0
2015-01-25T15:00:00Z,1560.0
2015-01-25T16:00:00Z,1607.0
2015-01-25T17:00:00Z,1534.0
2015-01-25T18:00:00Z,1317.0
2015-01-25T19:00:00Z,1193.0
2015-01-25T20:00:00Z,1252.0
